Particle ID,Area (µm²),Equivalent Diameter (µm),Major Axis Length (µm),Minor Axis Length (µm),Aspect Ratio
0,276949368.8320001,808.7244733893174,1564.9631071001054,621.73536452807,2.5170887750417656
